flast name, Department, Office
mbramar, Administration, 3100
lcarrara, Administration, 3420
ncelio, Administration, 3430
gflorez, Administration, 3340
cforluniau, Administration, 2175
jfrost, Administration, 1000
jholly, Administration, 2410
eklinger, Administration, 3360
llagos, Administration, 3210
clais, Administration, 3500
rmies haber, Administration, 2110
rpantanal, Administration, 3140
epavone, Administration, 3150
aribera, Administration, 3110
tseifert, Administration, 3515
malinari, Engineering, 2370
lazada, Engineering, 2535
fbalas, Engineering, 2530
tbattles, Engineering, 2470
iborrasca, Engineering, 2355
pbueno, Engineering, 2140
acalzas, Engineering, 2430
tcarrara, Engineering, 2375
mcassano, Engineering, 2630
gcazar, Engineering, 2620
ldedos, Engineering, 2100
yfinney, Engineering, 2460
bfrente, Engineering, 2525
vfrente, Engineering, 2380
lgrogan, Engineering, 2135
thagan, Engineering, 2515
vhatchett, Engineering, 2555
fmata, Engineering, 2120
eminto, Engineering, 2520
knielson, Engineering, 2550
anubarron, Engineering, 2510
vomalla, Engineering, 2130
monda, Engineering, 2400
korilla, Engineering, 2360
eorilla, Engineering, 2420
sparrino, Engineering, 2125
apinckney, Engineering, 2545
tquiroz, Engineering, 2575
wreynoso, Engineering, 2450
bridenour, Engineering, 2540
jsimonides, Engineering, 2625
btempestad, Engineering, 2505
avico, Engineering, 2440
cwhaley, Engineering, 2560
ibarranco, Executive, 3120
hblue, Executive, 3350
acampo, Executive, 3130
eedward, Executive, 3300
emintz, Executive, 3220
lorosco, Executive, 3320
bovan, Executive, 3370
jsanjorge, Executive, 3000
ostrum, Executive, 3200
wvasco, Executive, 3160
earpa, Facilities, 1070
vawelon, Facilities, 1070
nbasham, Facilities, 2230
lbennett, Facilities, 2345
dcoginian, Facilities, 2260
edavies, Facilities, 2655
agerard, Facilities, 1070
ahafon, Facilities, 2320
bhawelon, Facilities, 2210
chawelon, Facilities, 2240
ckinney, Facilities, 2220
fkirchner, Facilities, 2270
hmies, Facilities, 2250
vmorlun, Facilities, 2300
amorlun, Facilities, 2660
cmorluniau, Facilities, 2310
bmullen, Facilities, 2350
inant, Facilities, 1110
rparedes, Facilities, 1110
dscozzese, Facilities, 1110
cshipp, Facilities, 2340
tsong, Facilities, 1070
cstaley, Facilities, 1110
pyoung, Facilities, 3230
fadair, HR, 3450
pbeebe, HR, 3310
pratigan, HR, 3460
lalcazar, Information Technology, 2165
iarlotti, Information Technology, 2570
lbagani, Information Technology, 2580
sbagni, Information Technology, 2565
ibaza, Information Technology, 2145
ebello, Information Technology, 2610
lbergen, Information Technology, 2200
ncalixto, Information Technology, 2155
zcoronado, Information Technology, 2635
rfaraldo, Information Technology, 2650
sflecha, Information Technology, 2160
sflorez, Information Technology, 2605
slowery, Information Technology, 2615
iovan, Information Technology, 2590
ssinagra, Information Technology, 2595
csolos, Information Technology, 2585
junger, Information Technology, 2640
cwhelan, Information Technology, 2600
dbartley, Security, 2170
mcanada, Security, 2170
jcastellanos, Security, 2170
hcocinaro, Security, 2170
sfusil, Security, 1010
kherrero, Security, 2170
sholiday, Security, 2170
pkemp, Security, 2170
vlagos, Security, 1020
slea, Security, 2170
anardi, Security, 2170
jnespola, Security, 2170
mnotaro, Security, 2170
apherigo, Security, 1100
fresumir, Security, 3410
drhoads, Security, 2170
ssalvay, Security, 2170
mshultz, Security, 2170
xsowell, Security, 2170
evann, Security, 1090
mvollan, Security, 2170
